Pair,p-value,Half-Life (days)
L-GEV,0.0076358851558052,7.094727045573042
EBAY-GEV,0.0153034150446872,7.723406272832278
SOLV-ADP,6.894561352669082e-05,7.779114421010709
PAYX-SOLV,9.941393330696464e-05,7.89112044625274
VLTO-NEE,0.004156004317403,9.260439778806772
JPM-GEV,0.0299532637780814,9.377201780353698
D-VLTO,0.004942024367364,9.589399746983602
TSCO-VLTO,0.0034612939278703,9.77941206727821
CTVA-GEV,0.0312495542381856,9.79330439241472
PG-VLTO,0.0116482645536188,10.133556088751199
FAST-GEV,0.0112539901521874,10.195300419055618
FTNT-SOLV,0.0128330337942212,10.841093223159648
TDY-SOLV,0.0268843051746361,11.274180331718773
FIS-VLTO,0.0101807960947043,11.40464931023841
SLB-GEV,0.0480648914501131,11.560673501294183
VLTO-EQR,0.0337623234405075,11.577754224458758
VLTO-FE,0.0188139168528928,11.754623596152985
RCL-GEV,0.0311223251789116,12.042610426790711
FFIV-SOLV,0.0380967239106412,12.499271869895226
VLTO-TXN,0.033087469630548,13.025478681185604
CARR-VLTO,0.0230216192991649,13.6946127487204
CEG-GEV,0.0223429884246408,13.71929541134137
LLY-VLTO,0.0371374701809359,14.365865336127651
VLTO-LDOS,0.0181137461370761,14.478720329753592
GOOGL-GOOG,6.852373723874064e-05,14.739144591012035
CEG-WAB,0.0210896504241791,15.482211461316282
IRM-VLTO,0.0368757639641798,15.873670011669642
JPM-CEG,0.0007902697840082,17.881302105889173
CEG-HLT,0.0115217084615751,18.22420531178771
CEG-ADSK,0.0062149431012034,18.246570818753025
TT-CEG,0.0050282336724116,18.860358360828585
PLTR-WRK,0.0029281769688794,18.982279299323114
IR-NVR,8.118239461521544e-06,19.176779327794915
MO-FOXA,4.162184503944557e-06,19.234714777950835
DASH-EBAY,0.0089345659626106,19.26219283383574
CEG-AMP,0.0357196396250463,19.50620866923985
MO-FOX,2.214639023596296e-05,19.58264965472329
CEG-BSX,0.0096137150235995,19.714751628973666
YUM-OTIS,0.0001402523210448,19.91238291034794
CEG-RL,0.0373341224802308,20.09630117158201
CEG-CTAS,0.0005731508812274,20.113489459979913
CARR-ADI,0.0071173437427032,20.64787141692821
MA-CEG,0.020460376804575,21.15616327282521
CEG-HIG,0.0042501063740361,21.44480641446899
DASH-ADSK,0.002069440583612,21.683762996477984
CEG-WRK,0.0215722827603607,22.133715484909203
CEG-WM,0.0026080329055176,22.157416452026567
HCA-OTIS,0.0046513278238606,22.288637144842
COIN-TEL,0.0025880177399943,22.499873794256544
CEG-ROL,0.0078372203529022,22.617097491075913
ITW-OTIS,0.000754413452058,22.674251653288092
CEG-UPS,0.020736733087422,22.707992463476053
CEG-CMI,0.0080712374283693,23.043166304867363
CEG-PWR,0.0198567986156185,23.069856360538818
CEG-LKQ,0.048712068025314,23.105017986489337
CEG-AZO,0.0280359506607542,23.425299070481525
CEG-PH,0.015662925045113,23.480258475604415
CEG-EMR,0.0032770441010566,23.558740504259394
COIN-DLR,0.0037318257322671,23.90327440698413
CEG-BLK,0.0021854165427403,23.99183112715408
COIN-COF,0.0014487386944147,23.992483188895715
CEG-RCL,0.0108490756012205,23.996360965226735
NVDA-CEG,0.0031031286362039,24.145779787402105
DASH-APA,0.0092848526524757,24.420850400784907
PG-OTIS,0.0042513468154381,24.592602545525178
CEG-L,0.0235870894163289,24.90483762032317
CEG-FAST,0.0193470369630703,24.916598878645008
CME-FOXA,0.0050391635161457,25.052848380234394
COIN-ALLE,0.0118613960360465,25.105052778662916
CEG-MCO,0.0087932398782473,25.12037585588822
OTIS-TSCO,0.0051565841208627,25.25704071434024
COIN-C,0.0097855898661905,25.46204819175107
CEG-BR,0.0145846878694532,25.58424059795359
CEG-APA,0.0291923438052855,25.65902659888383
CEG-HUM,0.0162134656246974,25.82199710723194
CEG-CBOE,0.0198666837915316,25.994621871579835
PG-CARR,0.0066503461768108,25.996767462415804
NFLX-CEG,0.0185404714084206,26.030654503731853
VMC-IR,0.0003353239716254,26.390988853109928
CEG-RSG,0.002528839825239,26.50967310691816
CEG-SYF,0.0422004228334946,26.534885546132326
CEG-ALLE,0.0197924538430388,26.542239119273447
COIN-ADSK,0.01769313889464,26.597916210414095
AME-OTIS,0.0074013163158463,26.837737465158515
CEG-APH,0.0024040106547809,27.300092287044517
COIN-BLK,0.0089658342139388,27.354524094929435
DDOG-UNP,0.0029674477024876,27.39294536736878
COST-CEG,0.0117199059797164,27.940164224007752
MRNA-CRL,0.0220202064992948,28.13204327507586
MRNA-TECH,0.0087526394214788,28.159747288821535
CEG-NWS,0.0068958576758196,28.393278583015313
CEG-BKNG,0.0046016100790437,28.512388103267483
DHI-IR,0.0006242054773234,28.61124538000015
CEG-MCK,0.0033918151524527,28.636153668562915
CEG-DASH,0.048921438995256,28.644835531389568
COIN-DPZ,0.0153162521311555,28.650496441408848
CEG-SPGI,0.0195959166130936,28.88072749940847
CEG-ORLY,0.0248672104480347,29.07626578931282
COIN-STX,0.0066081770449734,29.330940182687833
MPWR-OTIS,0.0464044334613622,29.37224111157309
DASH-C,0.0086349316223043,29.373148578269696
CEG-APTV,0.0462184978030276,29.69266482402699
CEG-BK,0.0092543928783989,29.70865291460896
COIN-EBAY,0.0209495622916495,29.989894710833568
DASH-TTWO,0.0191476115922204,30.01552549002118
ITW-CARR,0.0048016882020695,30.155103004582834
OTIS-AMAT,0.0192458262041427,30.160461253181893
AMZN-COIN,0.0262566258438051,30.333648695361696
HCA-CARR,0.008540822415497,30.360990314941226
HCA-MPWR,0.0026218562720667,30.505356161104977
CARR-ROP,0.0093958930887323,30.685877967185846
COIN-SYF,0.0073388621714921,30.686691124807616
DASH-COF,0.0018991123442133,30.860478923222455
BAC-COIN,0.0222333435058104,30.960662338997537
CTVA-VTRS,0.0047418423722034,31.016609322605483
CEG-PGR,0.0115684492912733,31.021028739381347
ROP-OTIS,0.031028698928148,31.086378112154648
COIN-WDC,0.0263169586283784,31.220272316683474
OTIS-LOW,0.0086895518849341,31.339091677271494
ROST-UBER,0.0084519130878891,31.381209523298626
CEG-TJX,0.0347556274814978,31.44014102233875
GOOGL-CARR,0.0135537843135886,31.5152818158786
MSCI-OTIS,0.028194193657685,31.752746686481593
GOOG-CARR,0.0139406981461537,31.780857067950127
OTIS-IT,0.0072861199943983,32.05354544743638
CEG-COR,0.0322346124590848,32.200152406580905
CEG-WRB,0.0455418119175321,32.24081312058472
SHW-CARR,0.0130626856506563,32.40345127535888
HD-CARR,0.0070270293535348,32.50959728920431
CARR-MPWR,0.0348988009232075,32.562514751272495
IR-MLM,0.0048503821791348,32.65449973480224
WSM-KKR,1.1625009170350972e-06,32.86443955087855
INVH-POOL,0.0018693622879821,32.932646602791856
BR-CRWD,0.0063629257549811,33.42499947929467
HD-OTIS,0.0119086498227322,33.58854807359541
OKE-HPE,0.0001443310873511,33.63505820009802
OTIS-HPE,0.0371949282122098,34.23334347377639
CEG-C,0.0301139409568108,34.246323363134955
ALGN-CZR,2.4965176692288816e-06,34.36375552442002
VMC-OTIS,0.0448514617520649,34.40248963947177
CEG-CBRE,0.0173014452031746,34.65907381825708
HCA-ADI,5.875578376849034e-05,35.047166466112444
CARR-SPGI,0.0237500218426073,35.188628724272405
DELL-PHM,0.032627744075223,35.35808320702443
DELL-CL,0.0445225366027904,35.38281265263654
GWW-PANW,0.004680816954981,35.451855045663685
JNJ-INVH,0.0037553679919707,35.66165809248777
MRNA-EPAM,0.002878548194487,35.71621491703481
DVA-CRWD,0.0102033404485506,35.77426732855292
CARR-SYK,0.0224719400030373,35.805451608256064
COST-PANW,0.0113071560495555,35.90648743258896
VICI-TXN,0.001725281168823,35.921205335521705
CEG-NWSA,0.0321592433588157,35.93798391718883
PANW-KLAC,0.0002832233138701,35.96825913518593
NWS-CRWD,0.0110928252097387,35.97658768988112
DASH-BLK,0.0124386867168155,36.01593856914309
VICI-DE,0.0003232975602393,36.03578408998408
WSM-CRWD,0.009290830926487,36.16176355244863
CARR-VMC,0.0214003623704569,36.229278265060096
ICE-CEG,0.007958966433898,36.32127779209582
CARR-NTAP,0.0159321470823781,36.33898156452617
VICI-HSIC,0.0022129593120011,36.34387271365246
OTIS-NTAP,0.017455249560663,36.72233501015753
FOXA-WELL,0.0118788115493843,36.75490494231288
EPAM-CRL,0.0001319727018962,36.765047107793826
TTD-LOW,0.0008461538340027,36.79720183952265
OTIS-NVR,0.0392232749054512,36.91384857289059
DELL-VMC,0.0151293634311848,36.96238971562999
HD-DDOG,0.0172484721531417,37.158538628411186
AMP-PANW,0.0012664605122501,37.17032109214303
DASH-DLR,0.0326323557279422,37.22276098804437
CL-IR,0.0124777822884761,37.275126657919834
BBY-DAY,0.003749932179267,37.59247887849815
BRK.B-CEG,0.0077006210054851,37.73294466671856
CARR-HPE,0.022909160425016,37.82248126280686
MAR-CBOE,2.639863303028536e-06,38.01920830553234
DELL-WSM,0.0435486154734955,38.36701703066499
OTIS-PANW,0.0261783029838384,38.41242035565394
CARR-J,0.0353564386241303,38.54659494119254
TSLA-DDOG,0.0196400846858809,38.603020336251305
AVGO-AXON,0.0008937192865111,38.628162079520216
MSFT-MPWR,5.218735408778945e-07,38.65722511522249
TTD-TXN,0.0056095400710523,38.66882434414112
IR-PHM,0.0079040778016935,38.749750557549866
ORLY-PANW,0.0004385610782608,38.84964420473775
APO-ANET,0.028462669482635,38.910586335935655
NTRS-CFG,0.0019937273841983,39.00710861193188
PH-ANET,0.0036539799440034,39.01365435288762
ITW-TTD,0.003247647696004,39.13747848082652
TTD-MAS,0.0014697612646872,39.1870167425363
CARR-SPG,0.0249319881717862,39.25684141595071
CARR-BR,0.0416296433159112,39.27330100142506
MA-VRSK,6.607956680640998e-08,39.35473007768586
WTW-CRWD,0.0194554136475198,39.48052102521381
URI-PANW,0.0017893778323771,39.48914009503647
AJG-PANW,0.0019529043998037,39.52157755841057
IR-DECK,0.0042503812884878,39.53010032480724
IR-PANW,0.0030292001230141,39.54987341985474
CTAS-HLT,8.869760310344839e-05,39.60576606646204
DDOG-EFX,0.0274989846703087,39.74849778990705
DELL-SYK,0.0113022248447938,39.80902054273891
VRSK-ADI,0.001470711447428,39.87435859482366
BKNG-ANET,0.0024009986017512,39.88169798454204
ETR-FOXA,0.0274872811865793,39.89382929373293
ETR-FOX,0.0183798624055706,40.04137413657968
RMD-PODD,0.0006404006387171,40.06155236182772
ZTS-POOL,0.0302088782323599,40.15699971940023
WST-POOL,3.4610996499287e-06,40.18441564041669
TTD-CHD,0.0018978540937234,40.243123195090924
EQIX-TTD,0.0016485531811722,40.36396060827811
AAPL-CARR,0.0413023164132371,40.39735443220664
HD-TTD,0.0033983733927285,40.405229079816316
NI-FOXA,0.0381084741438367,40.43843424412318
IQV-INVH,0.0051010667854153,40.49585777244523
SHW-TYL,1.0849689124133666e-10,40.58518424945283
COR-PANW,0.0015043828874531,40.621107870531155
COST-HLT,0.0004589403779511,40.69872046493758
TTD-QCOM,0.004586855632146,40.721076614895885
MA-CRWD,0.022734770263835,40.76274630480048
PG-TTD,0.005031551375468,40.818832514842214
TRV-ANET,0.0008735765708679,40.9044286797301
TTD-DOV,0.0039041072228361,40.91199600157516
AVGO-HWM,0.0123949377913936,40.926185918299865
CARR-ISRG,0.0245682597351751,41.04507665689755
MDLZ-CDW,0.000105995144528,41.14917345294126
MU-CRWD,0.0209448750818382,41.24529874485214
OTIS-CB,0.0423802066897822,41.24684187930145
INVH-DHR,0.006761929765142,41.250748081522566
HLT-TRV,0.0042128227380624,41.251946167389086
PCAR-IR,0.0333037374316612,41.26146729331965
CARR-UHS,0.0399085222847646,41.317596593197315
NXPI-EFX,7.547359739262858e-05,41.441316044161425
EMR-CRWD,0.0130780330985475,41.44288681257232
PNR-NWS,0.0001077693758078,41.48164508885903
TGT-MRNA,0.0093748035674538,41.573178974869386
HLT-PANW,0.0150105071177977,41.70819899014345
PLD-ZTS,0.0011300208605695,41.723858656684776
PH-PANW,0.0027128475631267,41.778222846644816
KMI-FOX,0.0271029705657917,41.83278246605985
NOC-CTVA,0.0276491425689219,41.875326604688915
FOX-WELL,0.0180192672734321,41.89365432179958
DHI-MPWR,3.230790853195614e-05,41.93944641150593
FAST-CRWD,0.027421173313347,41.98675964870755
OTIS-UHS,0.0328323487221592,42.19964526549983
V-WTW,0.0003392979348389,42.287810709847555
CARR-HIG,0.0320160214535397,42.29003774628238
PLD-INVH,0.0035498656667475,42.29180820727177
HUBB-PANW,0.0009607536393761,42.35758744944357
EW-INVH,0.0079551043095396,42.390543815118164
CARR-PNR,0.0478479651352012,42.40466836076839
FFIV-FOXA,0.0152701280370149,42.41545422761466
ICE-CRWD,0.0317408581060844,42.49326653073776
HIG-ANET,0.0001270631446177,42.508663153981246
CEG-WMB,0.0440508086430393,42.51158563537227
TTD-J,0.003505837116321,42.515084523082535
CPRT-OTIS,0.0472401467601779,42.891464040156336
IR-MPWR,0.0029355135977137,42.92623085073557
PYPL-MTCH,0.0341172044235466,42.957679157399305
META-UBER,0.0255562716993376,42.96744823732452
VICI-KEYS,0.0021927423470672,43.023477750365615
RSG-HLT,0.0003932941680552,43.08388100692635
DELL-KLAC,0.0224848282794652,43.194992766246386
LII-UBER,0.0278225780407784,43.51113238983927
MSFT-LRCX,4.9908658685215015e-06,43.53711770719619
MA-DELL,0.0099327415908744,43.596204682370434
VICI-EXPD,0.0099259017723404,43.757918710252206
CDW-EXPD,0.0015303088440115,43.75829113239763
MSI-HLT,0.0038263603751656,43.77992865433003
A-TXN,0.0006166771725441,43.79267786996458
CARR-PANW,0.0316745550681142,43.813762003363614
CL-ANET,0.0145912693088134,43.8672192183697
KMI-FOXA,0.0264855213266458,43.909785264009365
GOOG-ADI,0.0111786862039686,44.0040494020365
WDAY-UNP,0.0001358601761628,44.06327959436068
HBAN-CFG,0.0006959612140347,44.10375400834144
IR-HUBB,0.009164309279751,44.24909798209943
CARR-L,0.030887693008729,44.25100287731192
CL-HLT,0.019581499377132,44.30700468199369
IQV-POOL,0.0479790242340768,44.53787036181667
OTIS-DECK,0.0306308160474257,44.577093262710164
SHW-TTD,0.0039609653372266,44.58826886250411
WTW-SYK,3.853107706501012e-06,44.62901365531053
TTD-TYL,0.0043416609837792,44.822705957165184
HWM-VST,0.013867279690209,44.848863754930726
PLD-IQV,0.0004013084970321,44.86313039866559
CARR-IRM,0.0182409075298015,44.87202733673249
BRK.B-HLT,7.618383952573718e-07,44.90965698405097
LLY-PANW,0.0007134586743715,44.93504425707402
TTD-UNP,0.0068848109187571,45.00138375181187
DELL-CBOE,0.0251510022486314,45.036043626020614
TEL-LH,4.883722071241378e-05,45.12362390708955
MSCI-EXPD,2.4628872300891115e-05,45.21621760688532
CARR-PKG,0.0426327528439568,45.36469113912012
L-ANET,0.0100596152306066,45.385467655909395
ZTS-INVH,0.0359140028934364,45.38716269447982
TTD-ACN,0.017391990805046,45.440386095620504
CSX-TTD,0.0031282013538696,45.57289774478055
OTIS-ACGL,0.0299930181308111,45.61418834614047
GOOG-LRCX,0.0028561502515178,45.63631697123071
META-LII,0.000215191573013,45.66072020226983
GOOG-AMAT,0.0038251504628575,45.71619465874381
MPWR-SNPS,2.410561826866986e-07,45.72836182448324
TTD-TER,0.0105563396676642,45.8729430133219
MCO-CRWD,0.0407797154041457,45.98132882675674
CARR-NWS,0.0246074357358238,46.00030465218578
SQ-KMX,0.005968034290078,46.00283125194469
CZR-CMCSA,0.0065597178515508,46.09157731933318
AZO-PANW,0.001359034413688,46.1248210637662
DELL-ROP,0.0281552610678673,46.324038415813874
DUK-HLT,0.0040465449511436,46.503692861454404
RMD-KEYS,0.011787654976987,46.510563088881796
VICI-WAT,0.0056140376903455,46.533575993654765
ETN-PANW,0.0035602280178172,46.54591907992673
GWW-HUBB,1.2281195186042616e-07,46.59108253798408
INVH-WST,0.0160180638425226,46.69655257147288
IR-PTC,0.0390424062297141,46.748582712105346
URI-ANET,0.023768080169989,46.76061438455843
VICI-TSCO,0.0104832482560742,46.84409431473991
SPGI-CRWD,0.0246318218780694,46.853939151053424
FISV-FICO,0.0396687921935408,46.865953075004725
WTW-UBER,0.0264420808402175,46.92672893966075
EXR-INVH,0.0357377864174617,46.99713690130941
GOOG-NXPI,0.0152389696034329,47.023409395808116
CMG-IR,0.0152610566999391,47.02826330563818
TTD-DVA,0.0218230006103653,47.03560798824807
GDDY-LII,0.0019505816655996,47.06994888288316
CARR-CINF,0.0378498415340685,47.09112486205291
VICI-DGX,0.030217538552088,47.18143649466785
J-CRWD,0.0367695971434666,47.21037966860858
CHD-UNP,1.3895611609036992e-06,47.278912657214065
VST-NI,0.0421661174301682,47.409389262389695
CARR-KKR,0.0470105371855261,47.45718721319653
VICI-MTD,0.006483373429519,47.45953400941441
HLT-KLAC,0.0070627355040304,47.470325880308145
SO-HLT,0.0017779304837982,47.499464207770735
CARR-DVA,0.0476169282667536,47.63095612730537
HLT-ALL,0.0080337972340028,47.70302814866717
WM-DELL,0.0263825605679135,47.72180771263161
PGR-PANW,0.004317170828301,47.72694987568889
DXCM-WST,1.0213527562823095e-05,47.77135181086584
NXPI-TTD,0.011485514927504,47.78271993291028
EW-AWK,2.2738536392590865e-05,47.79036391961761
TROW-CZR,0.0001735750998528,48.00387023581166
SYF-FOXA,0.0299896573465588,48.060611162915286
VICI-HON,0.0148501754541848,48.107025212699234
AFL-PANW,0.0002372650024177,48.14708998194445
GOOG-DOV,0.0035013007496717,48.168597977957155
WDAY-CHD,0.0014906859765416,48.200836200345115
PAYX-LYV,0.0024998667419693,48.20939068126674
MA-UBER,0.0414763080062182,48.258089753042604
VICI-ADI,0.0150566349115005,48.42313778782694
CHTR-KMX,4.0516867768392506e-05,48.49129211056761
TJX-PANW,0.0021670946480647,48.525232120339716
GOOG-MPWR,0.0001589278810178,48.62077627380833
CBOE-ANET,0.0051678279786681,48.63171561807673
PEG-GDDY,0.0020854558433672,48.71772775952523
OTIS-BLDR,0.0446628340634663,48.725349835920426
WEC-KHC,0.0473670689083365,48.845188788011065
IR-ADI,0.0239386120262544,48.89725171348478
RMD-NEE,0.004705892960203,48.95954264458584
DELL-TJX,0.031884332573882,48.9913938850586
MSI-PANW,0.0363580365204134,49.02525940397807
TTD-EXPD,0.0082899103132543,49.06247173028544
TTD-ADI,0.0097224122104635,49.09399541592716
MCHP-CDW,0.0098614914770003,49.22998730330687
NXPI-VMC,0.0089288882343291,49.235528155312544
MPWR-BRO,9.325341690485708e-07,49.3141399628447
PANW-CB,0.0127276643341138,49.325220663160756
ODFL-MOH,9.958432600590932e-05,49.410156810506905
ADSK-ALLE,0.0049746858892503,49.50118906366623
TTD-HOLX,0.0114157725468043,49.54298990512921
GOOG-J,0.0011874751760296,49.55562139312557
WTW-ADI,4.564976153992852e-07,49.607831553327266
MA-WTW,0.0001016980350454,49.60887726988788
XYL-TXN,0.000782940364047,49.614375977576934
V-ROL,0.0002567970702319,49.65812701985201
AFL-ANET,0.0028349049993064,49.676320080035715
TTD-NDSN,0.0154024046878991,49.76574811189736
MPWR-NVR,0.0003360845643162,49.77714082100757
BRK.B-PANW,0.0016338120678228,49.78251266198777
SRE-KEYS,0.0095875742666477,49.83603074607695
ZTS-STE,0.0047044125812114,49.87415816454196
TDG-PANW,0.0062668378760878,50.03977283817939
GOOG-MCO,0.0026262038879075,50.09029477354527
HPE-L,0.0041490493136121,50.21936233292227
ICE-WTW,3.611489889229767e-06,50.27849059395781
INVH-TER,0.0157469948793638,50.351639389874265
LLY-IR,0.0064040915361766,50.42386341172549
CEG-TRGP,0.0328563964685119,50.42538738033978
TTD-SPGI,0.0108522135620353,50.45047512259949
V-BR,0.0002053906258571,50.4899098320634
GOOG-BX,0.0275616616836829,50.59398103273009
PYPL-MDT,0.0095092080123812,50.60186108626802
FOXA-COF,0.0304334887073299,50.60859954839233
AAPL-MPWR,5.940427711815619e-07,50.65867251368731
IQV-EXPD,0.0009206068843956,50.677443384965976
V-SYK,0.0109387102506803,50.68087848297239
CTVA-KR,0.0438658324239435,50.72018391508331
WDAY-NSC,0.000617825272948,50.720368589191736
AVGO-ORCL,0.0009298067649028,50.7267827458857
PHM-PANW,0.0159380902336245,50.84424287667673
GOOG-SHW,0.0001604150172072,50.89010520179511
SO-PANW,0.0020844695486768,50.92542211434307
IQV-AVY,0.0016181516703255,50.94045327016184
MA-ADI,0.0015250625643116,50.94338832783027
MDLZ-VICI,0.0203456190808834,50.94915206987699
PAYX-ADI,3.8491892605241946e-05,51.0466594235594
LH-BLK,0.0041070985656193,51.133509021264516
DPZ-TXN,2.7657992167480985e-05,51.16787704512662
TT-HLT,0.0066951183561176,51.18923509974051
MMC-ADI,8.497088668171656e-05,51.20596571342434
JNJ-KEYS,0.005255281477085,51.34793609022709
GOOG-FAST,0.0004504042546634,51.38743334515032
KMX-CZR,0.0004523304293825,51.503217258852175
TGT-CRL,7.718708778188465e-06,51.5152209186921
LNT-ALLE,0.0036788571860559,51.562692171149315
GOOGL-ADI,0.0019253820226172,51.56892521103729
INVH-TMO,0.0218372108884947,51.57433168027636
RSG-PANW,0.0055599106824962,51.581850843259325
TRV-CBOE,0.0022300884657503,51.58307178675008
KEYS-NEE,0.0057109984555649,51.587684495769246
PPG-CZR,0.0026842489974355,51.59990949340436
TTD-HON,0.0100906683034739,51.630731981155954
DXCM-LULU,0.0030996605333955,51.654941252143736
MCHP-IQV,0.0025583680321215,51.734871485355086
ALLE-HON,0.0196666240544889,51.7353255372039
LDOS-UBER,0.0467762668280422,51.738308113382516
VICI-LH,0.0409743351028372,51.781938885650035
TRV-PANW,0.0140325983939871,51.81035752611073
YUM-VICI,0.0430391530115335,51.83550342874867
TTD-STE,0.0175003792950927,51.85251114118379
KDP-VICI,0.0106721287176509,51.89435847230472
PCAR-PANW,0.0060081587493447,51.94975771615744
ZTS-UNP,0.0010398590751417,52.11566954412683
TGT-TECH,2.556145485155869e-06,52.127749536409844
ZTS-TER,0.0007731521033913,52.13244966533485
VICI-LOW,0.0112743083716962,52.1344375677072
TGT-EPAM,0.0009768095414938,52.14191238277122
BR-SYK,1.2562198231964356e-05,52.145222390925326
WDAY-FTV,0.0098029382840369,52.22937382206359
DPZ-ALLE,0.0008274630742667,52.278992579680605
UHS-ANET,0.0043624879693803,52.290103829232855
VICI-J,0.0216633106979536,52.35089329284236
ALL-GDDY,0.0223971073270543,52.45113812296121
MA-ROL,6.303062561548208e-05,52.451242204094676
URI-KLAC,3.603050449601573e-08,52.48314392902674
ELV-MCHP,0.000135556039933,52.51839144097327
PEG-LYV,3.3095312637498607e-05,52.53698176963687
ICE-SYK,0.0003367145879959,52.59314847361953
INVH-ACN,0.0243244976410474,52.61136432056578
CBRE-LYV,0.0115018659180505,52.62556774523675
EQIX-ITW,8.125163551813991e-10,52.67531361911893
MSCI-KEYS,0.0032060467706549,52.686115694269496
DUK-ALLE,0.0017651656411453,52.687251006389545
TDY-STE,4.629236700131516e-05,52.720632070316185
RMD-TDY,1.7856533786124651e-06,52.74840681681286
EQIX-ROP,1.1896794900164476e-09,52.76546001744417
AJG-MPWR,4.432282409416238e-06,52.80388612264031
VICI-GPC,0.0392644384627177,52.836425333506156
GOOG-AIZ,0.0129758294240296,52.881399120469474
INVH-UNP,0.0121955001821008,52.975722120968044
HPE-NTAP,0.0075241998957516,53.01492836896086
HLT-PGR,0.0025184336073879,53.083963378490765
FFIV-FOX,0.0425266058154546,53.2012676649925
WDAY-COO,0.0108076233631611,53.20896955575024
VST-NRG,0.0115873019897712,53.242403800516215
APO-WSM,0.0063941565892954,53.3335176210174
V-ICE,7.95117397064896e-05,53.41378630940417
GOOG-DUK,0.0110565926337462,53.43304737959442
ABBV-MPWR,0.0025672005674785,53.68737306480073
APD-TTD,0.0106844456278879,53.746224826190826
TT-KKR,0.0010602114688057,53.75135618393867
MPWR-AMAT,5.88627028951093e-07,53.754263162257764
AAPL-TTD,0.0157335835876957,53.810698211021865
FICO-ANET,0.0008718113356109,53.85993009104798
V-VRSK,6.37227194880886e-05,53.86054183130366
NXPI-MAS,0.0080978869412144,53.898158980693395
TTD-TSCO,0.0151411469286808,53.9520069110344
MCO-WTW,3.6300685035677253e-07,53.96782258644858
POOL-DHR,0.0004840582896985,53.98132620660359
VICI-HOLX,0.0399259956799426,53.99817268737483
HCA-AMAT,0.0011201919413727,54.006178697978456
EPAM-NKE,0.0006026693777733,54.130991515923725
KHC-VRSN,0.0215104035842259,54.33040271422354
ECL-CPAY,0.0014308922235276,54.39314558980587
APO-ETN,0.0090504074257498,54.46078461322046
EPAM-TECH,1.6084541909658474e-05,54.55431560193534
ZTS-EXPD,0.0146773316749709,54.62623868230401
SRE-CDW,0.0050777023301085,54.68175840964876
VICI-ULTA,0.0420512061108081,54.7023996288823
APO-HLT,0.0034788852453654,54.7082289186628
KDP-NEE,0.0001560012989761,54.769476882482834
GOOGL-BX,0.0015602999366517,54.83632729895815
WSM-NWS,0.0054853114638808,54.904090409992435
IRM-ANET,0.0302788726414409,54.95094509505374
CTAS-MPWR,0.0010931748777219,54.95762651419952
ALL-CBOE,0.0299138156317676,54.97610822184397
TMO-DHR,1.1562096629160093e-07,55.04207297493005
HPE-TXT,0.010938165703024,55.04790357655631
TTD-EFX,0.013887481496544,55.10824730446094
WDAY-ROP,0.0067433587023378,55.12573891513332
LLY-ANET,0.0380772993088631,55.261104575381246
ABBV-ADI,0.0064178926338999,55.32345807464782
EMR-HLT,0.0033763137348221,55.35276636075074
MPWR-PANW,0.0220497632042272,55.36293053024272
CL-PANW,0.0077556712463241,55.40817910713123
JNJ-IQV,0.0130650522821317,55.41695712446509
IQV-IEX,0.0132208839652741,55.42907597326539
DUK-KEYS,0.0276732781901265,55.43847663240935
DTE-GL,4.028497777990047e-06,55.44474954251813
HCA-TSCO,0.0015629371840401,55.44808981278679
PH-APO,0.0005110627855799,55.490570800931884
NXPI-LH,0.028909267132029,55.52772474035024
ABBV-RJF,1.974885913514317e-05,55.55383565375652
ROST-ALLE,0.0074625155355014,55.571623402164626
CDW-NDSN,0.0019043142907415,55.575638027452925
STE-ACN,2.234116583147168e-05,55.65772065752951
NXPI-LOW,0.0162084114987845,55.6593317758388
BLK-CRWD,0.0366270810940649,55.748585835182865
TTD-ODFL,0.020314734054955,55.772033336879616
ABBV-STLD,0.0007539647027567,55.77905400815235
PYPL-KMX,0.007606368241594,55.850676025384885
EQIX-DPZ,5.564032736061375e-05,55.88502044552955
HD-ACN,0.0411847306171635,55.89671730952564
EQIX-ALLE,0.0070917948651977,55.901371638230415
CDW-AVY,0.0346741980615653,55.9079843727355
CCI-ES,1.9549936124629608e-05,55.97388369835018
APTV-CZR,0.0050308598926389,56.15052371823241
ZTS-IQV,0.0008254373963867,56.21857247098859
GOOGL-HCA,0.0001803835084931,56.21925166341707
MTD-INVH,0.0244003196238744,56.240576474942955
ANET-PGR,0.0012326946577573,56.29401648204842
ROP-TTD,0.0231717059417681,56.306158839385986
TTD-ROK,0.0371057323956432,56.31468025578136
HLT-CB,0.0213120259740065,56.32846191795676
A-KEYS,0.0345332018883916,56.332852241171686
CBOE-BKNG,0.0011906858426175,56.35405667132799
BRO-PANW,0.0255805770361453,56.54463670464663
MMC-HCA,0.0039521670079852,56.561569917703714
TDG-ANET,0.0070304715877021,56.586634249148695
GOOG-EMR,0.0056565735229481,56.72176343585161
NSC-KEYS,0.0063012245243897,56.83370730345051
SBAC-PAYC,0.0036668657713505,56.925828724901095
BR-ADI,0.0047177395547778,56.94090105933103
HCA-MLM,0.0005593329677661,56.982008003626476
IQV-NDSN,0.0042955305025503,57.03027790535313
MLM-MPWR,4.374391899235811e-06,57.04665868704665
CMG-MPWR,4.36606384350264e-05,57.07261843843165
WMT-APO,0.0189104707343698,57.10136678814428
CPRT-MPWR,6.747924139056988e-09,57.14903111488677
IQV-JBHT,0.002668830964751,57.20535319324999
SO-FTNT,0.0003501688539018,57.267405084309694
KEYS-MTD,0.0227672009982387,57.26797759426998
AME-TTD,0.0201651590877998,57.30190779147284
ABBV-CI,0.0037559030014544,57.33947563301681
CSX-WDAY,0.0348968135619177,57.341716247843664
HWM-NRG,0.0449010972445579,57.38525568288351
VICI-TMO,0.0376404018132337,57.41470317924256
GOOG-WM,0.0240681696440586,57.42362074105423
APO-PANW,0.0031954826723276,57.42442256412463
TTD-FDS,0.0215518222089813,57.42510651917852
VICI-FDS,0.0303439281048816,57.461039275498756
XEL-KHC,0.0324771146533364,57.46120852127475
MTD-NEE,0.0002653834830092,57.55235848263204
WDAY-STE,0.0016932125994526,57.58807129181501
ABBV-CB,0.0037075071127582,57.60216201856231
HLT-PEG,0.0027382360273411,57.62441445293682
KHC-PCG,0.0018999616003419,57.62964966819445
GOOG-HCA,0.0018946876998486,57.67405084544962
IR-CB,0.0258686282608154,57.67675701433643
DUK-NXPI,0.0117572691788055,57.69492178340409
TTD-DHR,0.0263580276746468,57.69581474882652
URI-ETN,5.4371120496783367e-05,57.70869832238799
WDAY-DPZ,0.0017680991232025,57.71464064842444
CI-NXPI,0.0015140235327299,57.74173763456931
AWK-PAYC,0.0052145538816302,57.7478060641478
MDLZ-KEYS,0.0047518275279715,57.754285003995385
AON-ADP,3.5063208748143813e-07,57.755022422151214
TTD-MPWR,0.0274104616718459,57.77958991199734
RSG-MPWR,0.0005139302361426,57.799459322757805
ES-PAYC,0.0247178376606152,57.82465935995462
IQV-TER,0.0035712368273789,57.93893502133059
KDP-KEYS,0.0044945264926292,57.95465594245307
VRSK-WTW,1.174495226424226e-06,57.96612981639935
WDAY-ALLE,0.0323810169886222,57.99304488012167
HCA-PANW,0.0171790430119272,58.036484493936186
KDP-SYY,0.0010004794170884,58.08833558710393
WM-MPWR,0.0003092448927691,58.08952326913937
DAY-NKE,0.0485581402926895,58.09091470405025
ECL-WDAY,0.0177921198382896,58.274595559108946
FDS-ACN,0.0009463533373967,58.29670182825382
TT-APO,0.0002144903836989,58.30622547656741
ZTS-COO,0.0106101150657945,58.33914765156108
KEYS-STE,0.0045120962897638,58.34295826371602
WAT-ACN,1.4779383826982374e-06,58.34904801150459
WDAY-EXPD,0.013499697139587,58.38903870844688
ZTS-NDSN,0.0040926180550408,58.39111056633513
VICI-ODFL,0.0260384302217707,58.47191038191188
GOOG-VMC,0.0087374849962039,58.4780746727219
VICI-CDW,0.0396927988598971,58.512846250414235
ICE-ADI,0.003115356374665,58.516158651285934
NXPI-MLM,0.0223273279554762,58.52046109541441
KEYS-TMO,0.0155314317772792,58.53358903699216
HPE-RF,0.0134641352632993,58.54768021749737
FISV-DECK,0.0466614110451732,58.549461430760935
GOOG-MLM,0.0089702862058209,58.55714129976841
GOOGL-WM,3.630683037615898e-05,58.564622031863244
IQV-DHR,0.0046914965185667,58.6198878089381
MNST-VICI,0.0456897187610939,58.66041724451552
KDP-TXN,0.0078299636304818,58.66197884728835
TTD-AVY,0.0289765141235093,58.74443528379969
MDLZ-NXPI,0.008544913179995,58.844376970788474
BR-ROL,6.824422127687722e-06,58.89538504606627
TTD-XYL,0.0354168303545247,58.91311101281934
ACN-LOW,0.0226247002772723,58.96742084160119
HD-DPZ,1.5483510779519352e-05,59.03338097358644
EQIX-CHD,3.1726728105595815e-08,59.042643403443456
NSC-TTD,0.0250023549780625,59.09340430192844
INVH-WAT,0.028502859253474,59.113954805709575
SHW-DOV,5.128704114816803e-06,59.12094288589035
IR-PKG,0.030013014783789,59.23509271923713
BBY-CZR,0.0278969222831862,59.31969958479791
CDNS-PANW,0.016240466893597,59.35175103651857
CMS-ALLE,0.0052782685433852,59.41692574465639
TT-URI,7.931805238833667e-06,59.430768055204034
FCX-VICI,0.0427039549733653,59.43151219910043
MCHP-MTD,0.0001298948247513,59.48236585810012
META-JPM,0.027494049067435,59.52023397904039
TDG-HLT,0.0129307940589942,59.521799211937406
KEYS-UNP,0.005888234871852,59.54184684184497
APD-KEYS,0.0032715760530556,59.5423202088359
PODD-NEE,0.0171942605219391,59.608500234862404
LYV-WTW,0.0030149937879219,59.61103257282564
MDLZ-TTD,0.0135583942353643,59.62721100382346
VICI-STE,0.0316750580512618,59.66443203090722
EW-AKAM,0.0176443699276298,59.686579633003845
MCHP-NDSN,0.0002021276709191,59.76637457520193
CSX-INVH,0.0443347837009007,59.77965531905136
VRSK-SYK,0.0012782646221414,59.79850313480018
HD-TXN,0.000296169958028,59.81475445418356
ADSK-DPZ,3.341175202694142e-05,59.82250080314039
TT-ANET,0.0463737803049846,59.8898173859742
COR-ANET,0.006942472317694,59.90012604415459
CDW-MOH,0.01018596477974,59.900768342949725
EQIX-APD,1.6860345943409795e-09,59.91749402284438
SNA-PANW,0.0019610972624165,59.919459048829104
HLT-TJX,0.0012184972956036,59.94405091437755
VICI-MOH,0.0421199097373186,60.0219253135811
FTNT-BX,0.0215354470742932,60.071487300581445
DHI-PANW,0.0121008147645772,60.144712445024034
HIG-PANW,0.0135390091158887,60.1622923270723
FTNT-FAST,0.025392775648486,60.20237329434208
HCA-AME,0.002519621958097,60.26740839720768
IQV-COO,0.0090915590953334,60.32258126282232
CMG-TTD,0.0483434050974367,60.37000150871516
WTW-SPGI,4.183682168564336e-07,60.4047945695792
HLT-CBOE,0.0468088620167957,60.415243788387414
CME-ALLE,0.0049499356256258,60.456813901761016
V-PEG,0.0002153638301642,60.49097900981038
BRK.B-HCA,0.0180085541732557,60.53295167849371
TTD-LH,0.0279255634238791,60.55169640475718
MSFT-GOOG,0.0147524927750779,60.59459319375534
IR-MU,0.0383439541284051,60.676183485974086
PNR-NWSA,0.0044434112776564,60.70778860526252
TT-KLAC,3.3740452041128763e-06,60.72997249290827
TROW-EPAM,0.0359809122339997,60.73056303199323
AEP-ALLE,0.0173682797012248,60.88588376201013
DVA-NWS,0.0026940060208503,60.93862181554864
INVH-JBHT,0.0283635673278714,60.951320620029136
TTD-TMO,0.0336680684331386,61.062626862264395
GPN-MKTX,4.905724437341012e-05,61.07836905912178
DLR-ALLE,0.0035124888999328,61.14945856591959
MMC-MPWR,0.0021283688090915,61.156438590403454
IR-AMGN,0.0393818837616584,61.1612261839228
TRV-SNA,0.0001454888245592,61.180271365953345
ICE-BR,0.0001170000593756,61.226349473812704
HLT-WRB,0.0052594710462959,61.231905607936305
GOOGL-MPWR,3.822803869996964e-06,61.23777945116261
L-PANW,0.0379623416818395,61.28905182602575
AJG-KLAC,1.940870919484088e-05,61.290227376905754
ELV-CDW,0.0099023417866601,61.3071148139954
ALLE-SPGI,0.0065017606653748,61.38588880351687
PH-ETN,2.9132477964355097e-06,61.41637046161148
V-ADI,0.0128895897185062,61.4182008163158
HD-EQIX,3.115421288407079e-05,61.46198998435222
KEYS-INVH,0.047773431555769,61.50094628167657
CZR-NKE,0.0006387846267828,61.521897682414476
TT-WSM,9.98526579055406e-09,61.54246537789911
AWK-NEE,0.0082069429020379,61.54974448689664
HCA-LRCX,0.0004833960894076,61.56178454503455
FTNT-DE,0.0310729651298561,61.57323775090532
VICI-DHR,0.0415423888113144,61.60912559526915
PLD-KEYS,0.0126175489237733,61.63430246834024
TTD-AMGN,0.0114957123457876,61.63531562113971
DVA-NWSA,0.0066844555106904,61.66096294813928
HLT-URI,0.0249758474970984,61.72000432377917
COST-APO,0.0008542491854832,61.73255108690919
MA-SYK,0.0150787526950055,61.74698832740742
GOOG-SO,0.0173059486448505,61.7527260117979
YUM-XYL,0.0028988135848894,61.80067766316492
ROST-IR,0.0345828511924667,61.81788807611285
CL-NXPI,0.0143561929210288,61.84395482196988
WTW-DOV,1.8642634462319003e-06,61.86361380301211
GOOG-EFX,0.0012565888159887,61.902908661866704
ULTA-GL,0.0060252016018224,61.93147389364379
AMZN-ALLE,0.005468706835841,61.994882988016386
DXCM-POOL,2.3317649086506783e-05,62.017851754791785
MCO-VRSK,0.0003966914119381,62.03924068138489
DUK-XYL,0.0064048746615086,62.10348711328778
TMUS-NOW,0.000878532462755,62.13207286692399
WDAY-HON,0.003033937034188,62.14255400099663
APD-NEE,5.2643592852524265e-05,62.19511799020699
KEYS-FDS,0.0458293156832885,62.28144093840604
APO-GWW,0.0182701381321062,62.44102946108415
NSC-KDP,0.000303028855343,62.48606237830798
GM-CFG,0.0181856028350386,62.488266478267064
LULU-WST,0.0016852631080732,62.49267685602602
ALL-ANET,0.0119150041246937,62.519050010116274
KEYS-WAT,0.0126597582952552,62.58188546885348
WDAY-ROST,0.0033773638012768,62.587389085707414
WDAY-CSGP,0.0037958538024632,62.638923908740956
WRB-PANW,0.0179455762734137,62.66204651902511
WTW-ALLE,0.0058913748620324,62.68945139123772
SHW-NXPI,0.0316569618964427,62.81283281312489
ROK-LH,0.0005267550931666,62.83120395779517
FTNT-CBRE,0.00889516851217,62.906676006513926
KDP-AWK,0.001566749976202,62.933392129081774
HIG-CBOE,0.0205254076107819,62.94033780700568
LMT-IR,0.0494822001823203,62.978831274022404
WDAY-TTD,0.0284655117187414,62.983722506816406
XYL-ADI,0.0066884439820009,62.984626991526454
